<?xml version="1.0" encoding="utf-8"?>
<VugenScriptMetadata>
  <ScriptName>03_PetStore_Multi_Functionalities</ScriptName>
  <Protocol>Web - HTTP/HTML</Protocol>
  <ActionFiles>
    <FileEntry Name="vuser_init.c" Filter="2" />
    <FileEntry Name="Action.c" Filter="2" />
    <FileEntry Name="vuser_end.c" Filter="2" />
  </ActionFiles>
  <GeneralFiles>
    <FileEntry Name="03_PetStore_Multi_Functionalities.usr" Filter="4" />
    <FileEntry Name="default.cfg" Filter="4" />
    <FileEntry Name="default.usp" Filter="4" />
    <FileEntry Name="03_PetStore_Multi_Functionalities.prm" Filter="2" />
    <FileEntry Name="globals.h" Filter="2" />
    <FileEntry Name="p_firstname.dat" Filter="2" />
    <FileEntry Name="p_username.dat" Filter="2" />
    <FileEntry Name="combined_03_PetStore_Multi_Functionalities.c" Filter="2" />
    <FileEntry Name="pre_cci.c" Filter="2" />
    <FileEntry Name="03_PetStore_Multi_Functionalities.c.pickle" Filter="1" />
    <FileEntry Name="03_PetStore_Multi_Functionalities.ci" Filter="1" />
    <FileEntry Name="03_PetStore_Multi_Functionalities.prm.bak" Filter="1" />
    <FileEntry Name="101379132440.idx" Filter="1" />
    <FileEntry Name="10137913244_6Ka.603.idx" Filter="1" />
    <FileEntry Name="10137913244_cc3.99.idx" Filter="1" />
    <FileEntry Name="10137913244_CDK.497.idx" Filter="1" />
    <FileEntry Name="10137913244_eJy.229.idx" Filter="1" />
    <FileEntry Name="10137913244_Fhp.633.idx" Filter="1" />
    <FileEntry Name="10137913244_IMT.733.idx" Filter="1" />
    <FileEntry Name="10137913244_J2v.797.idx" Filter="1" />
    <FileEntry Name="10137913244_KIg.361.idx" Filter="1" />
    <FileEntry Name="10137913244_LnE.427.idx" Filter="1" />
    <FileEntry Name="10137913244_oMb.847.idx" Filter="1" />
    <FileEntry Name="10137913244_SDa.527.idx" Filter="1" />
    <FileEntry Name="10137913244_Te6.627.idx" Filter="1" />
    <FileEntry Name="10137913244_w1i.53.idx" Filter="1" />
    <FileEntry Name="10137913244_ZVu.221.idx" Filter="1" />
    <FileEntry Name="180461892440.idx" Filter="1" />
    <FileEntry Name="Bookmarks.xml" Filter="1" />
    <FileEntry Name="Breakpoints.xml" Filter="1" />
    <FileEntry Name="CompilerLogMetadata.xml" Filter="1" />
    <FileEntry Name="custom_body_variables.txt" Filter="1" />
    <FileEntry Name="logfile.log" Filter="1" />
    <FileEntry Name="lrw_custom_body.h" Filter="1" />
    <FileEntry Name="mdrv.log" Filter="1" />
    <FileEntry Name="mdrv_cmd.txt" Filter="1" />
    <FileEntry Name="options.txt" Filter="1" />
    <FileEntry Name="output.bak" Filter="1" />
    <FileEntry Name="output.txt" Filter="1" />
    <FileEntry Name="OutputColoringDatabase.json" Filter="1" />
    <FileEntry Name="p_email.dat" Filter="1" />
    <FileEntry Name="p_lastname.dat" Filter="1" />
    <FileEntry Name="p_phone.dat" Filter="1" />
    <FileEntry Name="p_quantity2.dat" Filter="1" />
    <FileEntry Name="ReplaySummaryReport.xml" Filter="1" />
    <FileEntry Name="ScriptUploadMetadata.xml" Filter="1" />
    <FileEntry Name="ThumbnailsCache.tmp" Filter="1" />
    <FileEntry Name="UserTasks.xml" Filter="1" />
    <FileEntry Name="data\" Filter="1" />
    <FileEntry Name="result1\" Filter="1" />
  </GeneralFiles>
</VugenScriptMetadata>