[
    {
        "actionName": "Action",
        "steps": [
            {
                "stepId": "STEP1",
                "stepName": "Url: petstore.octoperf.com",
                "infFile": "t1.inf",
                "time": 1721618410914
            },
            {
                "stepId": "STEP2",
                "stepName": "Url: Enter the Store",
                "infFile": "t3.inf",
                "time": 1721618411100
            },
            {
                "stepId": "STEP3",
                "stepName": "Url: Sign In",
                "infFile": "t4.inf",
                "time": 1721618411209
            },
            {
                "stepId": "STEP4",
                "stepName": "Url: Register Now!",
                "infFile": "t5.inf",
                "time": 1721618411307
            },
            {
                "stepId": "STEP5",
                "stepName": "Submit Data: Account.action_2",
                "infFile": "t6.inf",
                "time": 1721618411469
            },
            {
                "stepId": "STEP6",
                "stepName": "Url: Sign In_2",
                "infFile": "t7.inf",
                "time": 1721618411647
            },
            {
                "stepId": "STEP7",
                "stepName": "Submit Data: Account.action_3",
                "infFile": "t8.inf",
                "time": 1721618411897
            },
            {
                "stepId": "STEP8",
                "stepName": "Url: My Account",
                "infFile": "t9.inf",
                "time": 1721618412065
            },
            {
                "stepId": "STEP9",
                "stepName": "Url: My Account",
                "infFile": "t10.inf",
                "time": 1721618412207
            }
        ],
        "transactions": [
            {
                "transactionName": "PetStore_UserCreation_01_Launch",
                "rawStartTime": 1721618410511,
                "rawEndTime": 1721618410918,
                "thinkTime": 0.0,
                "wastedTime": 0.07991957664489746
            },
            {
                "transactionName": "PetStore_UserCreation_02_Click_EntertheStore_Link",
                "rawStartTime": 1721618410929,
                "rawEndTime": 1721618411104,
                "thinkTime": 0.0,
                "wastedTime": 0.013723373413085938
            },
            {
                "transactionName": "PetStore_UserCreation_03_Click_SignIn",
                "rawStartTime": 1721618411109,
                "rawEndTime": 1721618411213,
                "thinkTime": 0.0,
                "wastedTime": 0.012982606887817383
            },
            {
                "transactionName": "PetStore_UserCreation_04_Click_RegisterNow",
                "rawStartTime": 1721618411226,
                "rawEndTime": 1721618411311,
                "thinkTime": 0.0,
                "wastedTime": 0.0062978267669677738
            },
            {
                "transactionName": "PetStore_UserCreation_05_Enter_UserInformation",
                "rawStartTime": 1721618411319,
                "rawEndTime": 1721618411490,
                "thinkTime": 0.0,
                "wastedTime": 0.007094860076904297
            },
            {
                "transactionName": "PetStore_UserCreation_06_Click_SignIn2",
                "rawStartTime": 1721618411568,
                "rawEndTime": 1721618411677,
                "thinkTime": 0.0,
                "wastedTime": 0.005547285079956055
            },
            {
                "transactionName": "PetStore_UserCreation_07_Login",
                "rawStartTime": 1721618411709,
                "rawEndTime": 1721618411943,
                "thinkTime": 0.0,
                "wastedTime": 0.007899045944213868
            },
            {
                "transactionName": "PetStore_UserCreation_08_Click_MyAccount",
                "rawStartTime": 1721618411975,
                "rawEndTime": 1721618412084,
                "thinkTime": 0.0,
                "wastedTime": 0.006173849105834961
            },
            {
                "transactionName": "PetStore_UserCreation_09_Signout",
                "rawStartTime": 1721618412115,
                "rawEndTime": 1721618412240,
                "thinkTime": 0.0,
                "wastedTime": 0.006324052810668945
            }
        ]
    }
]